{
  "files": [
    {
      "filepath": "/home/sam/Documents/Code/TypeScript/FP-Devicer-Suite/fp-devicer/src/benchmarks/accuracy.bench.ts",
      "groups": [
        {
          "fullName": "src/benchmarks/accuracy.bench.ts > Accuracy & Robustness",
          "benchmarks": [
            {
              "id": "-556698140_0_0",
              "name": "full accuracy evaluation (2000 devices, 5000 pairs)",
              "rank": 1,
              "rme": 0.488230559049755,
              "samples": [],
              "totalTime": 54795.009889000015,
              "min": 5421.583477000007,
              "max": 5544.654715000004,
              "hz": 0.1824983702030042,
              "period": 5479.500988900001,
              "mean": 5479.500988900001,
              "variance": 1398.771375148906,
              "sd": 37.400152073874054,
              "sem": 11.826966539011199,
              "df": 9,
              "critical": 2.262,
              "moe": 26.752598311243332,
              "p75": 5507.470513,
              "p99": 5544.654715000004,
              "p995": 5544.654715000004,
              "p999": 5544.654715000004,
              "sampleCount": 10,
              "median": 5467.774504500001
            }
          ]
        }
      ]
    }
  ]
}