{
  "files": [
    {
      "filepath": "/home/sam/Documents/Code/TypeScript/FP-Devicer-Suite/fp-devicer/src/benchmarks/accuracy.bench.ts",
      "groups": [
        {
          "fullName": "src/benchmarks/accuracy.bench.ts > Accuracy & Robustness",
          "benchmarks": [
            {
              "id": "-556698140_0_0",
              "name": "full accuracy evaluation (2000 devices, 5000 pairs)",
              "rank": 1,
              "rme": 0,
              "samples": [],
              "totalTime": 5232.662602000004,
              "min": 5232.662602000004,
              "max": 5232.662602000004,
              "hz": 0.1911072958569476,
              "period": 5232.662602000004,
              "mean": 5232.662602000004,
              "variance": 0,
              "sd": 0,
              "sem": 0,
              "df": 0,
              "critical": 12.71,
              "moe": 0,
              "p75": 5232.662602000004,
              "p99": 5232.662602000004,
              "p995": 5232.662602000004,
              "p999": 5232.662602000004,
              "sampleCount": 1,
              "median": 5232.662602000004
            }
          ]
        }
      ]
    },
    {
      "filepath": "/home/sam/Documents/Code/TypeScript/FP-Devicer-Suite/fp-devicer/src/benchmarks/performance.bench.ts",
      "groups": [
        {
          "fullName": "src/benchmarks/performance.bench.ts > Performance",
          "benchmarks": [
            {
              "id": "816650281_0_0",
              "name": "calculateConfidence (hybrid scorer)",
              "rank": 1,
              "rme": 2.3350693532389206,
              "samples": [],
              "totalTime": 500.5297830000127,
              "min": 0.9742159999987052,
              "max": 6.34669600000052,
              "hz": 937.0071790512976,
              "period": 1.0672276823027989,
              "mean": 1.0672276823027989,
              "variance": 0.07581836787874804,
              "sd": 0.2753513535081098,
              "sem": 0.012714544152415658,
              "df": 468,
              "critical": 1.96,
              "moe": 0.024920506538734687,
              "p75": 1.0529930000011518,
              "p99": 1.6040680000005523,
              "p995": 1.6575720000000729,
              "p999": 6.34669600000052,
              "sampleCount": 469,
              "median": 1.0095729999993637
            }
          ]
        },
        {
          "fullName": "src/benchmarks/performance.bench.ts > Performance > DeviceManager.identify (In-Memory)",
          "benchmarks": [
            {
              "id": "816650281_0_1_0",
              "name": "DeviceManager.identify (In-Memory)",
              "rank": 1,
              "rme": 0.5181196311387872,
              "samples": [],
              "totalTime": 6000.431323000003,
              "min": 0.6514209999995728,
              "max": 5.834927999999991,
              "hz": 1374.401198191998,
              "period": 0.727589586880078,
              "mean": 0.727589586880078,
              "variance": 0.030508221930843422,
              "sd": 0.1746660296990901,
              "sem": 0.0019233594304833093,
              "df": 8246,
              "critical": 1.96,
              "moe": 0.003769784483747286,
              "p75": 0.7143809999997757,
              "p99": 1.6511780000000726,
              "p995": 1.8485829999999623,
              "p999": 2.297319000000016,
              "sampleCount": 8247,
              "median": 0.6822940000001836
            }
          ]
        },
        {
          "fullName": "src/benchmarks/performance.bench.ts > Performance > DeviceManager.identify (SQLite in-memory)",
          "benchmarks": [
            {
              "id": "816650281_0_2_0",
              "name": "DeviceManager.identify (SQLite in-memory)",
              "rank": 1,
              "rme": 0.40673015672336316,
              "samples": [],
              "totalTime": 6000.355150000086,
              "min": 0.6482299999988754,
              "max": 5.760098000000653,
              "hz": 1400.7504205813352,
              "period": 0.713903051754918,
              "mean": 0.713903051754918,
              "variance": 0.018446619945020493,
              "sd": 0.13581833434783572,
              "sem": 0.0014814586741100256,
              "df": 8404,
              "critical": 1.96,
              "moe": 0.00290365900125565,
              "p75": 0.7052029999995284,
              "p99": 1.271205999999438,
              "p995": 1.325286999999662,
              "p999": 1.5758279999990918,
              "sampleCount": 8405,
              "median": 0.6760410000006232
            }
          ]
        },
        {
          "fullName": "src/benchmarks/performance.bench.ts > Performance > DeviceManager.identify (SQLite file-based)",
          "benchmarks": [
            {
              "id": "816650281_0_3_0",
              "name": "DeviceManager.identify (SQLite file-based)",
              "rank": 1,
              "rme": 23.40636928508203,
              "samples": [],
              "totalTime": 6000.02478999997,
              "min": 0.6410389999982726,
              "max": 717.1616920000015,
              "hz": 1219.4949614533236,
              "period": 0.8200115880825435,
              "mean": 0.8200115880825435,
              "variance": 70.16636803305984,
              "sd": 8.376536756503839,
              "sem": 0.09792599004442135,
              "df": 7316,
              "critical": 1.96,
              "moe": 0.19193494048706583,
              "p75": 0.7280060000011872,
              "p99": 1.299113999999463,
              "p995": 1.362753999999768,
              "p999": 1.5420779999985825,
              "sampleCount": 7317,
              "median": 0.6820289999996021
            }
          ]
        }
      ]
    }
  ]
}