{
  "files": [
    {
      "filepath": "/home/sam/Documents/Code/TypeScript/FP-Devicer-Suite/fp-devicer/src/benchmarks/accuracy.bench.ts",
      "groups": [
        {
          "fullName": "src/benchmarks/accuracy.bench.ts > Accuracy & Robustness",
          "benchmarks": [
            {
              "id": "-556698140_0_0",
              "name": "full accuracy evaluation (2000 devices, 5000 pairs)",
              "rank": 1,
              "rme": 0.4689795465756234,
              "samples": [],
              "totalTime": 51358.966670999995,
              "min": 5103.148048000003,
              "max": 5223.441829000003,
              "hz": 0.19470796723888395,
              "period": 5135.8966671,
              "mean": 5135.8966671,
              "variance": 1133.848834959189,
              "sd": 33.67267193079856,
              "sem": 10.648233820494312,
              "df": 9,
              "critical": 2.262,
              "moe": 24.086304901958133,
              "p75": 5131.313796000002,
              "p99": 5223.441829000003,
              "p995": 5223.441829000003,
              "p999": 5223.441829000003,
              "sampleCount": 10,
              "median": 5128.179078000001
            }
          ]
        }
      ]
    },
    {
      "filepath": "/home/sam/Documents/Code/TypeScript/FP-Devicer-Suite/fp-devicer/src/benchmarks/performance.bench.ts",
      "groups": [
        {
          "fullName": "src/benchmarks/performance.bench.ts > Performance",
          "benchmarks": [
            {
              "id": "816650281_0_0",
              "name": "calculateConfidence (hybrid scorer)",
              "rank": 1,
              "rme": 1.296423204472667,
              "samples": [],
              "totalTime": 500.3617120000272,
              "min": 0.9712639999997918,
              "max": 3.3578009999982896,
              "hz": 963.3031234012043,
              "period": 1.0380948381743302,
              "mean": 1.0380948381743302,
              "variance": 0.02272492979654084,
              "sd": 0.1507479014664577,
              "sem": 0.006866378758431121,
              "df": 481,
              "critical": 1.96,
              "moe": 0.013458102366524997,
              "p75": 1.0108749999999418,
              "p99": 1.4731939999983297,
              "p995": 1.4972820000039064,
              "p999": 3.3578009999982896,
              "sampleCount": 482,
              "median": 0.9951310000033118
            }
          ]
        },
        {
          "fullName": "src/benchmarks/performance.bench.ts > Performance > DeviceManager.identify (In-Memory)",
          "benchmarks": [
            {
              "id": "816650281_0_1_0",
              "name": "DeviceManager.identify (In-Memory)",
              "rank": 1,
              "rme": 0.775933643595824,
              "samples": [],
              "totalTime": 6000.589170999981,
              "min": 2.371294999999918,
              "max": 10.792312000000038,
              "hz": 349.13238355407594,
              "period": 2.8642430410501105,
              "mean": 2.8642430410501105,
              "variance": 0.26936476336489434,
              "sd": 0.5190036255797201,
              "sem": 0.011339094586663242,
              "df": 2094,
              "critical": 1.96,
              "moe": 0.022224625389859955,
              "p75": 3.173313999999664,
              "p99": 4.391768999999954,
              "p995": 4.673101000000088,
              "p999": 5.150496000000203,
              "sampleCount": 2095,
              "median": 2.66173500000059
            }
          ]
        },
        {
          "fullName": "src/benchmarks/performance.bench.ts > Performance > DeviceManager.identify (SQLite in-memory)",
          "benchmarks": [
            {
              "id": "816650281_0_2_0",
              "name": "DeviceManager.identify (SQLite in-memory)",
              "rank": 1,
              "rme": 9.245220993039837,
              "samples": [],
              "totalTime": 6009.605945000006,
              "min": 25.76371399999971,
              "max": 137.4888630000005,
              "hz": 10.483216466533221,
              "period": 95.39057055555564,
              "mean": 95.39057055555564,
              "variance": 1226.1975600396881,
              "sd": 35.01710382141402,
              "sem": 4.411740397390049,
              "df": 62,
              "critical": 1.999,
              "moe": 8.819069054382709,
              "p75": 127.56848400000126,
              "p99": 137.4888630000005,
              "p995": 137.4888630000005,
              "p999": 137.4888630000005,
              "sampleCount": 63,
              "median": 104.3697630000006
            }
          ]
        },
        {
          "fullName": "src/benchmarks/performance.bench.ts > Performance > DeviceManager.identify (SQLite file-based)",
          "benchmarks": [
            {
              "id": "816650281_0_3_0",
              "name": "DeviceManager.identify (SQLite file-based)",
              "rank": 1,
              "rme": 0.8003588513234272,
              "samples": [],
              "totalTime": 24647.452624999998,
              "min": 468.66024299999845,
              "max": 529.4097570000013,
              "hz": 2.0286072058126132,
              "period": 492.94905249999994,
              "mean": 492.94905249999994,
              "variance": 192.60388540455403,
              "sd": 13.878180190664555,
              "sem": 1.9626710646695438,
              "df": 49,
              "critical": 2.0102,
              "moe": 3.9453613741987175,
              "p75": 500.94547999999486,
              "p99": 529.4097570000013,
              "p995": 529.4097570000013,
              "p999": 529.4097570000013,
              "sampleCount": 50,
              "median": 493.13574250000056
            }
          ]
        }
      ]
    }
  ]
}