{
  "files": [
    {
      "filepath": "/home/sam/Documents/Code/TypeScript/FP-Devicer-Suite/fp-devicer/src/benchmarks/accuracy.bench.ts",
      "groups": [
        {
          "fullName": "src/benchmarks/accuracy.bench.ts > Accuracy & Robustness",
          "benchmarks": [
            {
              "id": "-556698140_0_0",
              "name": "full accuracy evaluation (2000 devices, 5000 pairs)",
              "rank": 1,
              "rme": 0,
              "samples": [],
              "totalTime": 5592.082631999998,
              "min": 5592.082631999998,
              "max": 5592.082631999998,
              "hz": 0.17882425311057176,
              "period": 5592.082631999998,
              "mean": 5592.082631999998,
              "variance": 0,
              "sd": 0,
              "sem": 0,
              "df": 0,
              "critical": 12.71,
              "moe": 0,
              "p75": 5592.082631999998,
              "p99": 5592.082631999998,
              "p995": 5592.082631999998,
              "p999": 5592.082631999998,
              "sampleCount": 1,
              "median": 5592.082631999998
            }
          ]
        }
      ]
    }
  ]
}