{
  "files": [
    {
      "filepath": "/home/sam/Documents/Code/TypeScript/FP-Devicer-Suite/fp-devicer/src/benchmarks/accuracy.bench.ts",
      "groups": [
        {
          "fullName": "src/benchmarks/accuracy.bench.ts > Accuracy & Robustness",
          "benchmarks": [
            {
              "id": "-556698140_0_0",
              "name": "full accuracy evaluation (2000 devices, 5000 pairs)",
              "rank": 1,
              "rme": 0.962310198689236,
              "samples": [],
              "totalTime": 38173.18347100002,
              "min": 3761.684799999999,
              "max": 3898.006706,
              "hz": 0.26196400432772265,
              "period": 3817.318347100002,
              "mean": 3817.318347100002,
              "variance": 2637.3133623011636,
              "sd": 51.35477935208332,
              "sem": 16.23980714879694,
              "df": 9,
              "critical": 2.262,
              "moe": 36.734443770578686,
              "p75": 3865.5903520000065,
              "p99": 3898.006706,
              "p995": 3898.006706,
              "p999": 3898.006706,
              "sampleCount": 10,
              "median": 3805.4399405000004
            }
          ]
        }
      ]
    },
    {
      "filepath": "/home/sam/Documents/Code/TypeScript/FP-Devicer-Suite/fp-devicer/src/benchmarks/performance.bench.ts",
      "groups": [
        {
          "fullName": "src/benchmarks/performance.bench.ts > Performance",
          "benchmarks": [
            {
              "id": "816650281_0_0",
              "name": "calculateConfidence (hybrid scorer)",
              "rank": 1,
              "rme": 2.1209548837671264,
              "samples": [],
              "totalTime": 500.49656900000036,
              "min": 0.6990379999999732,
              "max": 5.3117919999999685,
              "hz": 1296.7121858531652,
              "period": 0.7711811540832055,
              "mean": 0.7711811540832055,
              "variance": 0.045196856559988625,
              "sd": 0.21259552337711307,
              "sem": 0.008345104260316039,
              "df": 648,
              "critical": 1.96,
              "moe": 0.016356404350219435,
              "p75": 0.7582490000002053,
              "p99": 1.3287990000000036,
              "p995": 1.4435590000000502,
              "p999": 5.3117919999999685,
              "sampleCount": 649,
              "median": 0.7254520000001321
            },
            {
              "id": "816650281_0_1",
              "name": "DeviceManager.identify (In-Memory)",
              "rank": 2,
              "rme": 0.9596131970954945,
              "samples": [],
              "totalTime": 6000.061724999999,
              "min": 54.55756500000007,
              "max": 74.27755900000011,
              "hz": 17.499819970602058,
              "period": 57.143444999999986,
              "mean": 57.143444999999986,
              "variance": 8.027522540519781,
              "sd": 2.833288291106251,
              "sem": 0.27650062499748157,
              "df": 104,
              "critical": 1.9832,
              "moe": 0.5483560394950054,
              "p75": 58.00180999999998,
              "p99": 69.74216400000023,
              "p995": 74.27755900000011,
              "p999": 74.27755900000011,
              "sampleCount": 105,
              "median": 56.207088999999996
            },
            {
              "id": "816650281_0_2",
              "name": "DeviceManager.identify (SQLite in-memory)",
              "rank": 3,
              "rme": 1.108553824628919,
              "samples": [],
              "totalTime": 37531.061877000015,
              "min": 709.5459410000003,
              "max": 848.3851710000017,
              "hz": 1.3322298250943245,
              "period": 750.6212375400003,
              "mean": 750.6212375400003,
              "variance": 856.7354393048167,
              "sd": 29.270043377228138,
              "sem": 4.139409231532482,
              "df": 49,
              "critical": 2.0102,
              "moe": 8.321040437226596,
              "p75": 761.2019470000014,
              "p99": 848.3851710000017,
              "p995": 848.3851710000017,
              "p999": 848.3851710000017,
              "sampleCount": 50,
              "median": 755.2431820000002
            },
            {
              "id": "816650281_0_3",
              "name": "DeviceManager.identify (SQLite file-based)",
              "rank": 4,
              "rme": 0.5530404103421002,
              "samples": [],
              "totalTime": 51602.917634000005,
              "min": 992.8289740000037,
              "max": 1073.1071210000082,
              "hz": 0.9689374611457264,
              "period": 1032.05835268,
              "mean": 1032.05835268,
              "variance": 403.10084201513047,
              "sd": 20.07737139207049,
              "sem": 2.839369091946767,
              "df": 49,
              "critical": 2.0102,
              "moe": 5.707699748631392,
              "p75": 1041.0867030000009,
              "p99": 1073.1071210000082,
              "p995": 1073.1071210000082,
              "p999": 1073.1071210000082,
              "sampleCount": 50,
              "median": 1035.350480000001
            }
          ]
        }
      ]
    }
  ]
}