{
  "files": [
    {
      "filepath": "/home/sam/Documents/Code/TypeScript/Devicer Intelligence Suite/fp-devicer/src/benchmarks/scenarios.bench.ts",
      "groups": [
        {
          "fullName": "src/benchmarks/scenarios.bench.ts > Scenario Benchmarks",
          "benchmarks": [
            {
              "id": "146306646_0_0",
              "name": "browser-drift:minor",
              "rank": 19,
              "rme": 1.5718356343510689,
              "samples": [],
              "totalTime": 500.1068059999995,
              "min": 1.1183659999999236,
              "max": 2.6597209999999905,
              "hz": 745.8406794807754,
              "period": 1.3407689168900792,
              "mean": 1.3407689168900792,
              "variance": 0.043123978002468026,
              "sd": 0.20766313587747834,
              "sem": 0.01075238959692915,
              "df": 372,
              "critical": 1.96,
              "moe": 0.021074683609981132,
              "p75": 1.4235899999999901,
              "p99": 2.3235770000000002,
              "p995": 2.420974000000001,
              "p999": 2.6597209999999905,
              "sampleCount": 373,
              "median": 1.2808790000000272
            },
            {
              "id": "146306646_0_1",
              "name": "browser-drift:major",
              "rank": 16,
              "rme": 1.7967177880441012,
              "samples": [],
              "totalTime": 501.0484040000015,
              "min": 1.067169000000149,
              "max": 2.7831719999999223,
              "hz": 804.3135089998186,
              "period": 1.2432962878411948,
              "mean": 1.2432962878411948,
              "variance": 0.05234821920078286,
              "sd": 0.2287973321539892,
              "sem": 0.011397206919252419,
              "df": 402,
              "critical": 1.96,
              "moe": 0.02233852556173474,
              "p75": 1.3296340000001692,
              "p99": 2.3580530000001545,
              "p995": 2.4202060000000074,
              "p999": 2.7831719999999223,
              "sampleCount": 403,
              "median": 1.167754000000059
            },
            {
              "id": "146306646_0_2",
              "name": "browser-drift:cross-browser",
              "rank": 12,
              "rme": 1.3915027813854528,
              "samples": [],
              "totalTime": 501.45819899999856,
              "min": 1.0222899999998845,
              "max": 2.6243060000001606,
              "hz": 855.5050069088635,
              "period": 1.1689002307692273,
              "mean": 1.1689002307692273,
              "variance": 0.02954392524353956,
              "sd": 0.1718834641364304,
              "sem": 0.008298611848354478,
              "df": 428,
              "critical": 1.96,
              "moe": 0.016265279222774775,
              "p75": 1.1850219999996625,
              "p99": 1.6703699999998207,
              "p995": 1.7027960000000348,
              "p999": 2.6243060000001606,
              "sampleCount": 429,
              "median": 1.1053079999996953
            },
            {
              "id": "146306646_0_3",
              "name": "environment-change:home-office",
              "rank": 18,
              "rme": 1.3792757894321117,
              "samples": [],
              "totalTime": 500.4869130000029,
              "min": 1.0983299999998053,
              "max": 2.231365000000096,
              "hz": 779.2411547032754,
              "period": 1.2832997769230845,
              "mean": 1.2832997769230845,
              "variance": 0.03180613719834171,
              "sd": 0.17834275202076957,
              "sem": 0.009030736290273674,
              "df": 389,
              "critical": 1.96,
              "moe": 0.0177002431289364,
              "p75": 1.3551699999998164,
              "p99": 1.8424569999997402,
              "p995": 1.946639000000232,
              "p999": 2.231365000000096,
              "sampleCount": 390,
              "median": 1.224105500000178
            },
            {
              "id": "146306646_0_4",
              "name": "environment-change:external-dock",
              "rank": 8,
              "rme": 1.9872500814287917,
              "samples": [],
              "totalTime": 500.9473020000032,
              "min": 0.9867269999999735,
              "max": 2.6427649999995992,
              "hz": 900.2942988202722,
              "period": 1.1107478980044416,
              "mean": 1.1107478980044416,
              "variance": 0.05720058180552514,
              "sd": 0.23916643118448946,
              "sem": 0.011261907401817275,
              "df": 450,
              "critical": 1.96,
              "moe": 0.02207333850756186,
              "p75": 1.0864360000000488,
              "p99": 2.217649999999594,
              "p995": 2.250941000000239,
              "p999": 2.6427649999995992,
              "sampleCount": 451,
              "median": 1.0314199999997982
            },
            {
              "id": "146306646_0_5",
              "name": "environment-change:mobile-desktop",
              "rank": 11,
              "rme": 1.0509483482233568,
              "samples": [],
              "totalTime": 500.0651840000037,
              "min": 1.0782329999997273,
              "max": 1.8221189999999297,
              "hz": 855.8884195385152,
              "period": 1.1683765981308498,
              "mean": 1.1683765981308498,
              "variance": 0.016798096416327856,
              "sd": 0.129607470526694,
              "sem": 0.006264813550553273,
              "df": 427,
              "critical": 1.96,
              "moe": 0.012279034559084415,
              "p75": 1.1711340000001655,
              "p99": 1.7010110000001077,
              "p995": 1.7618210000000545,
              "p999": 1.8221189999999297,
              "sampleCount": 428,
              "median": 1.12635750000004
            },
            {
              "id": "146306646_0_6",
              "name": "privacy-resistance:tor",
              "rank": 2,
              "rme": 1.061277440659079,
              "samples": [],
              "totalTime": 500.31857300000684,
              "min": 0.688176999999996,
              "max": 1.3824899999999616,
              "hz": 1349.140400590307,
              "period": 0.7412127007407509,
              "mean": 0.7412127007407509,
              "variance": 0.010872644797484218,
              "sd": 0.10427197512986995,
              "sem": 0.0040134301940109585,
              "df": 674,
              "critical": 1.96,
              "moe": 0.007866323180261479,
              "p75": 0.7362350000003062,
              "p99": 1.2792060000001584,
              "p995": 1.2960050000001502,
              "p999": 1.3824899999999616,
              "sampleCount": 675,
              "median": 0.7094830000005459
            },
            {
              "id": "146306646_0_7",
              "name": "privacy-resistance:resistant-browser",
              "rank": 3,
              "rme": 2.1936052952169196,
              "samples": [],
              "totalTime": 500.6980349999967,
              "min": 0.6981480000004012,
              "max": 3.3939399999999296,
              "hz": 1252.2517688730377,
              "period": 0.7985614593301383,
              "mean": 0.7985614593301383,
              "variance": 0.05008285315217476,
              "sd": 0.22379198634485276,
              "sem": 0.00893739104970787,
              "df": 626,
              "critical": 1.96,
              "moe": 0.017517286457427422,
              "p75": 0.7647480000005089,
              "p99": 1.6839529999997467,
              "p995": 1.7499299999999494,
              "p999": 3.3939399999999296,
              "sampleCount": 627,
              "median": 0.7286990000002334
            },
            {
              "id": "146306646_0_8",
              "name": "privacy-resistance:canvas-defender",
              "rank": 15,
              "rme": 1.4533053852112863,