{
  "files": [
    {
      "filepath": "/home/sam/Documents/Code/TypeScript/FP-Devicer-Suite/fp-devicer/src/benchmarks/accuracy.bench.ts",
      "groups": [
        {
          "fullName": "src/benchmarks/accuracy.bench.ts > Accuracy & Robustness",
          "benchmarks": [
            {
              "id": "-556698140_0_0",
              "name": "full accuracy evaluation (2000 devices, 5000 pairs)",
              "rank": 1,
              "rme": 0.5831885282135691,
              "samples": [],
              "totalTime": 501.02204299996083,
              "min": 1.9967259999993985,
              "max": 2.511011000000508,
              "hz": 469.0412393692195,
              "period": 2.1320086936168545,
              "mean": 2.1320086936168545,
              "variance": 0.009456961196038425,
              "sd": 0.09724690841378159,
              "sem": 0.006343688837596672,
              "df": 234,
              "critical": 1.96,
              "moe": 0.012433630121689477,
              "p75": 2.198699000000488,
              "p99": 2.3283379999993485,
              "p995": 2.505252000000837,
              "p999": 2.511011000000508,
              "sampleCount": 235,
              "median": 2.106636000000435
            }
          ]
        }
      ]
    },
    {
      "filepath": "/home/sam/Documents/Code/TypeScript/FP-Devicer-Suite/fp-devicer/src/benchmarks/performance.bench.ts",
      "groups": [
        {
          "fullName": "src/benchmarks/performance.bench.ts > Performance",
          "benchmarks": [
            {
              "id": "816650281_0_0",
              "name": "calculateConfidence (hybrid scorer)",
              "rank": 1,
              "rme": 3.0967384268581406,
              "samples": [],
              "totalTime": 500.8538659999722,
              "min": 1.053260999997292,
              "max": 5.013741000002483,
              "hz": 740.7350230975767,
              "period": 1.3500104204851002,
              "mean": 1.3500104204851002,
              "variance": 0.16878935548264148,
              "sd": 0.41083981730431324,
              "sem": 0.02132974053966901,
              "df": 370,
              "critical": 1.96,
              "moe": 0.04180629145775126,
              "p75": 1.385963000000629,
              "p99": 3.2446509999972477,
              "p995": 4.486404000002949,
              "p999": 5.013741000002483,
              "sampleCount": 371,
              "median": 1.2196739999999409
            }
          ]
        },
        {
          "fullName": "src/benchmarks/performance.bench.ts > Performance > DeviceManager.identify (In-Memory)",
          "benchmarks": [
            {
              "id": "816650281_0_1_0",
              "name": "DeviceManager.identify (In-Memory)",
              "rank": 1,
              "rme": 0.5272943879550025,
              "samples": [],
              "totalTime": 6000.390035999979,
              "min": 0.6896980000001349,
              "max": 4.0486439999999675,
              "hz": 1226.253619490549,
              "period": 0.8154919864093475,
              "mean": 0.8154919864093475,
              "variance": 0.03541549648192557,
              "sd": 0.18819005415251244,
              "sem": 0.002193899733958807,
              "df": 7357,
              "critical": 1.96,
              "moe": 0.004300043478559262,
              "p75": 0.8220550000000912,
              "p99": 1.6846949999999197,
              "p995": 1.892848999999842,
              "p999": 2.2894099999998616,
              "sampleCount": 7358,
              "median": 0.7542705000000751
            }
          ]
        },
        {
          "fullName": "src/benchmarks/performance.bench.ts > Performance > DeviceManager.identify (SQLite in-memory)",
          "benchmarks": [
            {
              "id": "816650281_0_2_0",
              "name": "DeviceManager.identify (SQLite in-memory)",
              "rank": 1,
              "rme": 0.5952672615166311,
              "samples": [],
              "totalTime": 6000.162582000083,
              "min": 0.6911080000008951,
              "max": 7.299941999999646,
              "hz": 1223.8001720200552,
              "period": 0.8171268666757568,
              "mean": 0.8171268666757568,
              "variance": 0.04522351985243827,
              "sd": 0.21265822310091437,
              "sem": 0.0024816779195803223,
              "df": 7342,
              "critical": 1.96,
              "moe": 0.004864088722377431,
              "p75": 0.8320710000007239,
              "p99": 1.568239000000176,
              "p995": 1.755474999999933,
              "p999": 2.5226110000003246,
              "sampleCount": 7343,
              "median": 0.7494720000013331
            }
          ]
        },
        {
          "fullName": "src/benchmarks/performance.bench.ts > Performance > DeviceManager.identify (SQLite file-based)",
          "benchmarks": [
            {
              "id": "816650281_0_3_0",
              "name": "DeviceManager.identify (SQLite file-based)",
              "rank": 1,
              "rme": 2.4786905063332925,
              "samples": [],
              "totalTime": 6000.194854999823,
              "min": 0.6836809999986144,
              "max": 74.83222000000023,
              "hz": 1192.4612738264498,
              "period": 0.8386016568832737,
              "mean": 0.8386016568832737,
              "variance": 0.804736193467803,
              "sd": 0.8970708965671571,
              "sem": 0.010605275334244591,
              "df": 7154,
              "critical": 1.96,
              "moe": 0.020786339655119397,
              "p75": 0.8484360000002198,
              "p99": 1.6022780000021157,
              "p995": 1.8215500000005704,
              "p999": 2.609868000003189,
              "sampleCount": 7155,
              "median": 0.7639519999975164
            }
          ]
        }
      ]
    }
  ]
}