{
  "files": [
    {
      "filepath": "/home/sam/Documents/Code/TypeScript/FP-Devicer-Suite/fp-devicer/src/benchmarks/accuracy.bench.ts",
      "groups": [
        {
          "fullName": "src/benchmarks/accuracy.bench.ts > Accuracy & Robustness",
          "benchmarks": [
            {
              "id": "-556698140_0_0",
              "name": "full accuracy evaluation (2000 devices, 5000 pairs)",
              "rank": 1,
              "rme": 0.6239650069967083,
              "samples": [],
              "totalTime": 500.31870500000514,
              "min": 2.052628999999797,
              "max": 2.850532000000385,
              "hz": 443.7171702385137,
              "period": 2.2536878603603836,
              "mean": 2.2536878603603836,
              "variance": 0.01142743688287329,
              "sd": 0.1068991902816541,
              "sem": 0.007174603885500833,
              "df": 221,
              "critical": 1.96,
              "moe": 0.014062223615581633,
              "p75": 2.3119759999990492,
              "p99": 2.7020850000008068,
              "p995": 2.741686999999729,
              "p999": 2.850532000000385,
              "sampleCount": 222,
              "median": 2.2408175000000483
            }
          ]
        }
      ]
    },
    {
      "filepath": "/home/sam/Documents/Code/TypeScript/FP-Devicer-Suite/fp-devicer/src/benchmarks/performance.bench.ts",
      "groups": [
        {
          "fullName": "src/benchmarks/performance.bench.ts > Performance",
          "benchmarks": [
            {
              "id": "816650281_0_0",
              "name": "calculateConfidence (hybrid scorer)",
              "rank": 1,
              "rme": 2.810000025442099,
              "samples": [],
              "totalTime": 500.2095759999611,
              "min": 0.9067949999989651,
              "max": 7.434675000000425,
              "hz": 975.5910790481107,
              "period": 1.02501962295074,
              "mean": 1.02501962295074,
              "variance": 0.10538642836460657,
              "sd": 0.32463275922895796,
              "sem": 0.0146954345233175,
              "df": 487,
              "critical": 1.96,
              "moe": 0.028803051665702302,
              "p75": 1.025553999999829,
              "p99": 1.6595420000012382,
              "p995": 1.7309390000009444,
              "p999": 7.434675000000425,
              "sampleCount": 488,
              "median": 0.9617960000014136
            }
          ]
        },
        {
          "fullName": "src/benchmarks/performance.bench.ts > Performance > DeviceManager.identify (In-Memory)",
          "benchmarks": [
            {
              "id": "816650281_0_1_0",
              "name": "DeviceManager.identify (In-Memory)",
              "rank": 1,
              "rme": 0.6673657885626239,
              "samples": [],
              "totalTime": 6000.719611999988,
              "min": 0.5665640000001986,
              "max": 5.9904450000000224,
              "hz": 1472.9900031196487,
              "period": 0.6788912333974418,
              "mean": 0.6788912333974418,
              "variance": 0.04723014418207122,
              "sd": 0.21732497367323256,
              "sem": 0.0023115754251251844,
              "df": 8838,
              "critical": 1.96,
              "moe": 0.004530687833245361,
              "p75": 0.6786579999998139,
              "p99": 1.593988999999965,
              "p995": 1.9432429999999385,
              "p999": 3.3279849999998987,
              "sampleCount": 8839,
              "median": 0.6227819999999156
            }
          ]
        },
        {
          "fullName": "src/benchmarks/performance.bench.ts > Performance > DeviceManager.identify (SQLite in-memory)",
          "benchmarks": [
            {
              "id": "816650281_0_2_0",
              "name": "DeviceManager.identify (SQLite in-memory)",
              "rank": 1,
              "rme": 0.4947007743595037,
              "samples": [],
              "totalTime": 6000.5069090001,
              "min": 0.560233000000153,
              "max": 4.671699000000444,
              "hz": 1514.2054059419547,
              "period": 0.6604123826766564,
              "mean": 0.6604123826766564,
              "variance": 0.025245047106302352,
              "sd": 0.1588869003609245,
              "sem": 0.0016668699852385041,
              "df": 9085,
              "critical": 1.96,
              "moe": 0.003267065171067468,
              "p75": 0.6644770000002609,
              "p99": 1.327450000000681,
              "p995": 1.4597880000001169,
              "p999": 2.0005799999999,
              "sampleCount": 9086,
              "median": 0.6096610000004148
            }
          ]
        },
        {
          "fullName": "src/benchmarks/performance.bench.ts > Performance > DeviceManager.identify (SQLite file-based)",
          "benchmarks": [
            {
              "id": "816650281_0_3_0",
              "name": "DeviceManager.identify (SQLite file-based)",
              "rank": 1,
              "rme": 0.7321248652409025,
              "samples": [],
              "totalTime": 6000.477947000039,
              "min": 0.5567080000000715,
              "max": 18.843296000002738,
              "hz": 1583.707178650837,
              "period": 0.6314298586762117,
              "mean": 0.6314298586762117,
              "variance": 0.05286510877468768,
              "sd": 0.22992413699889727,
              "sem": 0.0023585994907775695,
              "df": 9502,
              "critical": 1.96,
              "moe": 0.004622855001924036,
              "p75": 0.6236900000003516,
              "p99": 1.2834430000002612,
              "p995": 1.406129000000874,
              "p999": 1.650115000000369,
              "sampleCount": 9503,
              "median": 0.5875959999993938
            }
          ]
        }
      ]
    }
  ]
}