{
  "files": [
    {
      "filepath": "/home/sam/Documents/Code/TypeScript/FP-Devicer-Suite/fp-devicer/src/benchmarks/accuracy.bench.ts",
      "groups": [
        {
          "fullName": "src/benchmarks/accuracy.bench.ts > Accuracy & Robustness",
          "benchmarks": [
            {
              "id": "-556698140_0_0",
              "name": "full accuracy evaluation (2000 devices, 5000 pairs)",
              "rank": 1,
              "rme": 1.15411033866287,
              "samples": [],
              "totalTime": 501.0949649999984,
              "min": 2.0001240000001417,
              "max": 4.355147999998735,
              "hz": 451.01231460188535,
              "period": 2.2172343584070724,
              "mean": 2.2172343584070724,
              "variance": 0.03852247296998979,
              "sd": 0.19627142677931955,
              "sem": 0.013055781103449682,
              "df": 225,
              "critical": 1.96,
              "moe": 0.025589330962761375,
              "p75": 2.3404719999998633,
              "p99": 2.4647380000005796,
              "p995": 2.47113200000058,
              "p999": 4.355147999998735,
              "sampleCount": 226,
              "median": 2.2038034999995944
            }
          ]
        }
      ]
    }
  ]
}