{
  "files": [
    {
      "filepath": "/home/sam/Documents/Code/TypeScript/Devicer Intelligence Suite/fp-devicer/src/benchmarks/accuracy.bench.ts",
      "groups": [
        {
          "fullName": "src/benchmarks/accuracy.bench.ts > Accuracy & Robustness",
          "benchmarks": [
            {
              "id": "-556698140_0_0",
              "name": "full accuracy evaluation (2000 devices, 5000 pairs)",
              "rank": 1,
              "rme": 1.308801408502007,
              "samples": [],
              "totalTime": 500.9731940000038,
              "min": 2.0074769999991986,
              "max": 5.0246380000007775,
              "hz": 455.1141712384681,
              "period": 2.1972508508772095,
              "mean": 2.1972508508772095,
              "variance": 0.049082818604897376,
              "sd": 0.22154642539408614,
              "sem": 0.01467227045132819,
              "df": 227,
              "critical": 1.96,
              "moe": 0.02875765008460325,
              "p75": 2.2931570000000647,
              "p99": 2.4692140000006475,
              "p995": 2.827074000000721,
              "p999": 5.0246380000007775,
              "sampleCount": 228,
              "median": 2.1584320000001753
            }
          ]
        }
      ]
    },
    {
      "filepath": "/home/sam/Documents/Code/TypeScript/Devicer Intelligence Suite/fp-devicer/src/benchmarks/performance.bench.ts",
      "groups": [
        {
          "fullName": "src/benchmarks/performance.bench.ts > Performance",
          "benchmarks": [
            {
              "id": "816650281_0_0",
              "name": "calculateConfidence (hybrid scorer)",
              "rank": 1,
              "rme": 3.322524929509523,
              "samples": [],
              "totalTime": 500.14197500002774,
              "min": 1.0378209999980754,
              "max": 8.087267999999312,
              "hz": 805.7712012673554,
              "period": 1.2410470843673145,
              "mean": 1.2410470843673145,
              "variance": 0.17836347175380746,
              "sd": 0.42233099786045475,
              "sem": 0.021037805492375054,
              "df": 402,
              "critical": 1.96,
              "moe": 0.041234098765055106,
              "p75": 1.2817250000007334,
              "p99": 2.1716039999992063,
              "p995": 2.520934000000125,
              "p999": 8.087267999999312,
              "sampleCount": 403,
              "median": 1.1184319999993022
            }
          ]
        },
        {
          "fullName": "src/benchmarks/performance.bench.ts > Performance > DeviceManager.identify (In-Memory)",
          "benchmarks": [
            {
              "id": "816650281_0_1_0",
              "name": "DeviceManager.identify (In-Memory)",
              "rank": 1,
              "rme": 1.0104176878048132,
              "samples": [],
              "totalTime": 6001.424011999982,
              "min": 0.990947000000233,
              "max": 10.429568999999901,
              "hz": 816.6395159216114,
              "period": 1.224530506427256,
              "mean": 1.224530506427256,
              "variance": 0.19530513329141103,
              "sd": 0.4419334036836444,
              "sem": 0.006312690219136148,
              "df": 4900,
              "critical": 1.96,
              "moe": 0.012372872829506849,
              "p75": 1.234653999999864,
              "p99": 2.7288939999998547,
              "p995": 3.7974739999999656,
              "p999": 7.160911999999826,
              "sampleCount": 4901,
              "median": 1.1035740000006626
            }
          ]
        },
        {
          "fullName": "src/benchmarks/performance.bench.ts > Performance > DeviceManager.identify (SQLite in-memory)",
          "benchmarks": [
            {
              "id": "816650281_0_2_0",
              "name": "DeviceManager.identify (SQLite in-memory)",
              "rank": 1,
              "rme": 0.5897970639713017,
              "samples": [],
              "totalTime": 6000.182995999992,
              "min": 0.8082519999989017,
              "max": 5.748139999999694,
              "hz": 868.1401889696642,
              "period": 1.1518876936072169,
              "mean": 1.1518876936072169,
              "variance": 0.0625846321834973,
              "sd": 0.2501692071049059,
              "sem": 0.0034662243862969948,
              "df": 5208,
              "critical": 1.96,
              "moe": 0.00679379979714211,
              "p75": 1.1826449999989563,
              "p99": 2.1509119999991526,
              "p995": 2.34495699999934,
              "p999": 2.796017999999094,
              "sampleCount": 5209,
              "median": 1.0654229999981908
            }
          ]
        },
        {
          "fullName": "src/benchmarks/performance.bench.ts > Performance > DeviceManager.identify (SQLite file-based)",
          "benchmarks": [
            {
              "id": "816650281_0_3_0",
              "name": "DeviceManager.identify (SQLite file-based)",
              "rank": 1,
              "rme": 0.5846492931963999,
              "samples": [],
              "totalTime": 6000.403729000056,
              "min": 0.9694139999992331,
              "max": 8.226001000000906,
              "hz": 882.7739330937861,
              "period": 1.132792850481415,
              "mean": 1.132792850481415,
              "variance": 0.060479708164703765,
              "sd": 0.2459262250446336,
              "sem": 0.0033790129559790535,
              "df": 5296,
              "critical": 1.96,
              "moe": 0.006622865393718945,
              "p75": 1.141935999999987,
              "p99": 2.070118999999977,
              "p995": 2.27570999999989,
              "p999": 2.7763039999990724,
              "sampleCount": 5297,
              "median": 1.0594769999988785
            }
          ]
        }
      ]
    }
  ]
}