{
  "files": [
    {
      "filepath": "/home/sam/Documents/Code/TypeScript/FP-Devicer-Suite/fp-devicer/src/benchmarks/accuracy.bench.ts",
      "groups": [
        {
          "fullName": "src/benchmarks/accuracy.bench.ts > Accuracy & Robustness",
          "benchmarks": [
            {
              "id": "-556698140_0_0",
              "name": "full accuracy evaluation (2000 devices, 5000 pairs)",
              "rank": 1,
              "rme": 0.5566036186759007,
              "samples": [],
              "totalTime": 500.412974999992,
              "min": 2.1466230000005453,
              "max": 2.6882839999998396,
              "hz": 427.64678513782223,
              "period": 2.33837838785043,
              "mean": 2.33837838785043,
              "variance": 0.009436767573812623,
              "sd": 0.09714302637766965,
              "sem": 0.006640560574036063,
              "df": 213,
              "critical": 1.96,
              "moe": 0.013015498725110684,
              "p75": 2.428291000000172,
              "p99": 2.47113200000058,
              "p995": 2.4838780000009137,
              "p999": 2.6882839999998396,
              "sampleCount": 214,
              "median": 2.355398500000774
            }
          ]
        }
      ]
    },
    {
      "filepath": "/home/sam/Documents/Code/TypeScript/FP-Devicer-Suite/fp-devicer/src/benchmarks/performance.bench.ts",
      "groups": [
        {
          "fullName": "src/benchmarks/performance.bench.ts > Performance",
          "benchmarks": [
            {
              "id": "816650281_0_0",
              "name": "calculateConfidence (hybrid scorer)",
              "rank": 1,
              "rme": 1.7363338972401752,
              "samples": [],
              "totalTime": 500.24998500005677,
              "min": 1.039533000002848,
              "max": 4.776691999999457,
              "hz": 883.5582473829556,
              "period": 1.131787296380219,
              "mean": 1.131787296380219,
              "variance": 0.04443306214029072,
              "sd": 0.21079151344466104,
              "sem": 0.010026329832504014,
              "df": 441,
              "critical": 1.96,
              "moe": 0.019651606471707866,
              "p75": 1.122577000001911,
              "p99": 1.6313460000019404,
              "p995": 1.6793649999999616,
              "p999": 4.776691999999457,
              "sampleCount": 442,
              "median": 1.0826899999992747
            }
          ]
        },
        {
          "fullName": "src/benchmarks/performance.bench.ts > Performance > DeviceManager.identify (In-Memory)",
          "benchmarks": [
            {
              "id": "816650281_0_1_0",
              "name": "DeviceManager.identify (In-Memory)",
              "rank": 1,
              "rme": 0.5186285859985931,
              "samples": [],
              "totalTime": 6001.0616200000095,
              "min": 0.6908079999993788,
              "max": 5.934660000000008,
              "hz": 1300.7698461193252,
              "period": 0.7687755085831424,
              "mean": 0.7687755085831424,
              "variance": 0.0323019234953242,
              "sd": 0.17972735878358698,
              "sem": 0.0020342293620756345,
              "df": 7805,
              "critical": 1.96,
              "moe": 0.003987089549668243,
              "p75": 0.7537269999997989,
              "p99": 1.6853260000000319,
              "p995": 1.8216349999997874,
              "p999": 2.251680999999735,
              "sampleCount": 7806,
              "median": 0.7235840000000735
            }
          ]
        },
        {
          "fullName": "src/benchmarks/performance.bench.ts > Performance > DeviceManager.identify (SQLite in-memory)",
          "benchmarks": [
            {
              "id": "816650281_0_2_0",
              "name": "DeviceManager.identify (SQLite in-memory)",
              "rank": 1,
              "rme": 0.5164701789044379,
              "samples": [],
              "totalTime": 6000.424591999875,
              "min": 0.690588999999818,
              "max": 5.450015000000349,
              "hz": 1274.2431610913175,
              "period": 0.7847795699712105,
              "mean": 0.7847795699712105,
              "variance": 0.03269700914999073,
              "sd": 0.18082314329197666,
              "sem": 0.0020679349229774436,
              "df": 7645,
              "critical": 1.96,
              "moe": 0.004053152449035789,
              "p75": 0.7760600000001432,
              "p99": 1.543268999999782,
              "p995": 1.7371470000016416,
              "p999": 2.2908500000003187,
              "sampleCount": 7646,
              "median": 0.7304054999999607
            }
          ]
        },
        {
          "fullName": "src/benchmarks/performance.bench.ts > Performance > DeviceManager.identify (SQLite file-based)",
          "benchmarks": [
            {
              "id": "816650281_0_3_0",
              "name": "DeviceManager.identify (SQLite file-based)",
              "rank": 1,
              "rme": 0.8365923312795379,
              "samples": [],
              "totalTime": 6000.364973999907,
              "min": 0.6789909999988595,
              "max": 23.435450999997556,
              "hz": 1321.419619365994,
              "period": 0.7567618834657469,
              "mean": 0.7567618834657469,
              "variance": 0.08272800140561172,
              "sd": 0.28762475798444703,
              "sem": 0.003230108103633179,
              "df": 7928,
              "critical": 1.96,
              "moe": 0.006331011883121031,
              "p75": 0.7460960000007617,
              "p99": 1.3181929999991553,
              "p995": 1.3936250000006112,
              "p999": 1.6232070000005479,
              "sampleCount": 7929,
              "median": 0.7134179999993648
            }
          ]
        }
      ]
    }
  ]
}